Sr. No.,Route No.,Route Order:,School_Code,School Name,Beneficiary,lat,lng
1,C-1,1,24240104212,Sarsiya Falia Khergam Prathmik Shala,21,20.6515007,73.11250305
2,C-1,2,24240104211,Bhasta Falia Khergam,58,20.64170074,73.10289764
3,C-1,3,24240108802,Vad Prathmik Shala ,145,20.67860031,73.10179901
4,C-1,4,24240108803,Vad Utara Falia Prathmik Shala,119,20.67749977,73.11620331
5,C-1,5,24240108801,Vad Kavla Khadak Prathmik Shala,36,20.67099953,73.10890198
6,C-1,6,24240100102,Achhavani Bandhad Falia Prathmik Shala,95,20.64949989,73.13279724
7,C-1,7,24240105901,Panaj Prathmik Shala,147,20.66090012,73.12419891
8,C-1,8,24240105902,Panaj Moti Kolivad Prathmik Shala,26,20.66180038,73.12169647
9,C-1,9,24240100402,Aamdhara Prathmik Shala ,178,20.72319984,73.1108017
10,C-1,10,24240100404,Aamdhara Navjagruti Prathmik Shala,54,20.71339989,73.10839844
11,C-1,11,24240100401,Aamdhara Pahad Falia Prathmik Shala,55,20.7159996,73.11849976
12,C-1,12,24240100403,Aamdhara Samar Falia Prathmik Shala,52,20.71590042,73.13020325
13,C-1,13,24240106205,Pipalgabhan Prathmik Shala ,260,20.70899963,73.09420013
14,C-1,14,24240106201,Pipalgabhan Navchetan Prathmik Shala,59,20.72979927,73.08309937
15,C-1,15,24240106202,Pipalgabhan Khuntiya Amba ,29,20.72030067,73.10949707
16,C-1,16,24240106204,Pipalgabhan Gandhimandir Prathmik Shala,109,20.71430016,73.09279633
17,C-1,17,24240106203,Pipalgabhan Naikywad Prathmik Shala,33,20.69350052,73.0943985
18,C-1,18,24240107502,Soldhara Naykiwad Prathmik Shala,28,20.69759941,73.08989716
19,C-1,19,24240104401,Khundh Prathmik Shala,200,20.76420021,73.08209991
20,C-1,20,24240107007,Sadakpor Prathmik Shala ,105,20.73789978,73.09339905
21,C-1,21,24240107006,Sadakpor Golvad Prathmik Shala,95,20.7548008,73.06800079
22,C-1,22,24240107004,Sadakpor Ghaduli Falia Prathmik Shala,74,20.75279999,73.0739975
23,C-1,23,24240107001,Sadakpor Chadiya Prathmik Shala,91,20.74670029,73.0719986
24,C-1,24,24240107002,Sadakpor Bamaniya Prathmik Shala,53,20.75149918,73.07330322
25,C-1,25,24240107003,Sadakpor Dadara Falia Prathmik Shala,55,20.74119949,73.09999847
26,C-1,26,24240104402,Khundh Mahyavanshi Falia ,228,20.7614994,73.06600189
27,C-2,1,24240108602,Vav Prathmik Shala,72,20.64349937,73.07939911
28,C-2,2,24240102601,Ghej Prathmik Shala,54,20.69319916,73.05919647
29,C-2,3,24240102608,Ghej Dukan Falia,145,20.68939972,73.05210114
30,C-2,4,24240102605,Ghej Zadi Falia ,34,20.6637001,73.05979919
31,C-2,5,24240102603,Ghej Nana Dumbhariya ,56,20.66830063,73.07240295
32,C-2,6,24240102602,Ghej Khushal Falia ,18,20.67029953,73.05190277
33,C-2,7,24240102607,Ghej Vanzari,56,20.6746006,73.06069946
34,C-2,8,24240102609,Ghej Pahad Falia,22,20.67449951,73.05639648
35,C-2,9,24240102604,Ghej Bharda Falia ,49,20.68330002,73.04540253
36,C-2,10,24240102606,Ghej Bid Prathmik Shala ,142,20.69070053,73.06800079
37,C-2,11,24240101301,Chari Prathmik Shala ,148,20.6697998,73.04360199
38,C-2,12,24240101302,Chari Naykiwad ,55,20.67510033,73.03089905
39,C-2,13,24240104802,Maliyadhara Prathmik Shala ,93,20.71409988,73.06590271
40,C-2,14,24240107501,Soldhara Prathmik Shala ,51,20.71310043,73.06999969
41,C-2,15,24240104801,Krishnanagar Maliyadhara,32,20.71209908,73.06479645
42,C-2,16,24240107503,Soldhara Dudhia Falia,62,20.71139908,73.0684967
43,C-2,17,24240107802,Talavchora Baroliya ,28,20.71990013,73.06800079
44,C-2,18,24240107801,Talavchora Shamla Falia ,16,20.71680069,73.05960083
45,C-2,19,24240108004,Tejlav Desai Falia Prathmik Shala,15,20.71010017,73.05010223
46,C-2,20,24240107804,Talavchora Prathmik Shala ,61,20.73419952,73.05500031
47,C-2,21,24240107803,Talavchora Desai Falia ,58,20.73690033,73.05590057
48,C-2,22,24240101601,Chikhli Kumar Shala ,91,20.75729942,73.05999756
49,C-2,23,24240101602,Chikhli Kanya Shala ,136,20.75799942,73.05999756
50,C-2,24,24240108101,Thala Prathmik Shala ,124,20.7682991,73.06330109
51,C-3,1,24240104206,Khergam Kumar Shala,277,20.63430023,73.09369659
52,C-3,2,24240104205,Khergam Kanya Shala,181,20.63479996,73.09329987
53,C-3,3,24240104210,Khergam Bavali Falia Prathmik Shala,145,20.64819908,73.09449768
54,C-3,4,24240104207,Savar Falia khergam,12,20.65850067,73.10449982
55,C-3,5,24240104204,Khergam Khakhari Falia Prathmik Shala,116,20.63549995,73.10970306
56,C-3,6,24240104209,Mishan Falia Prathmik Shala,120,20.62969971,73.10890198
57,C-3,7,24240104208,Khergam Laherka Prathmik Shala,47,20.62439919,73.10720062
58,C-3,8,24240108804,Vad Uncha Beda Prathmik Shala,42,20.66589928,73.08920288
59,C-3,9,24240108601,Vav Raghvav Falia,31,20.63669968,73.07579803
60,C-3,10,24240104215,Ven Falia Khergam,17,20.63380051,73.07630157
61,C-3,11,24240104214,Khergam Pahad Falia ,59,20.62870026,73.07330322
62,C-3,12,24240104216,Khergam Pomapad,57,20.62039948,73.08499908
63,C-3,13,24240104213,Khergam Shamla Falia Prathmik Shala,81,20.62330055,73.08699799
64,C-3,14,24240105501,Naranpore Prathmik Shala,199,20.61149979,73.0734024
65,C-3,15,24240100601,Bahej Prathmik Shala ,339,20.61669922,73.12509918
66,C-3,16,24240100602,Bahej Kruti Khadak Prathmik Shala,62,20.60790062,73.12020111
67,C-3,17,24240101901,Debarpada Prathmik Shala ,146,20.62669945,73.14070129
68,C-3,18,24240101701,Chimanpada Prathmik Shala ,148,20.60519981,73.13569641
69,C-3,19,24240106702,Ruzavani Patel Falia Prathmik Shala,6,20.63299942,73.13339996
70,C-3,20,24240102502,Gauri Prathmik Shala,245,20.61429977,73.15450287
71,C-3,21,24240106701,Ruzavani Prathmik Shala ,106,20.63500023,73.12229919
72,C-3,22,24240105302,Nadhai Prathmik Shala ,148,20.60910034,73.09429932
73,C-3,23,24240105301,Nadhai Vachla Falia Prathmik Shala,36,20.61009979,73.08339691
74,C-3,24,24240105801,Pelad Bhairavi Prathmik Shala,64,20.60059929,73.11340332
75,C-3,25,24240101101,Navi Bhiarvi Prathmik Shala ,131,20.61420059,73.10230255
76,C-3,26,24240100104,Achhavani Mandir Falia Prathmik Shala,128,20.64229965,73.14530182
77,C-4,1,24240100105,Achhavani Hati Falia,34,20.65010071,73.15869904
78,C-4,2,24240103001,Godhtal Prathmik Shala ,234,20.67060089,73.21489716
79,C-4,3,24240103002,Godthal Mali Falia ,145,20.68129921,73.21060181
80,C-4,4,24240104602,Mandav Khadak Dungarpada ,60,20.69149971,73.251297
81,C-4,5,24240102801,Ghodvani Prathmik Shala ,137,20.67709923,73.23539734
82,C-4,6,24240104604,Mandav Khadak Shinganveri ,50,20.66900063,73.24980164
83,C-4,7,24240102201,Dholumber Prathmik Shala ,266,20.66110039,73.21230316
84,C-4,8,24240104603,Mandav Khadak Tadpada ,40,20.68770027,73.24819946
85,C-4,9,24240104601,Mandav Khadak Prathmik Shala ,300,20.68580055,73.25189972
86,C-4,10,24240103004,Godthal Mandir Falia ,67,20.68400002,73.20619965
87,C-4,11,24240109101,Miyazari Prathmik Shala ,257,20.66329956,73.23760223
88,C-4,12,24240100201,Agasi Prathmik Shala ,97,20.6704998,73.20670319
89,C-4,13,24240108701,Velanpur Dungri Falia ,28,20.6942997,73.22779846
90,C-4,14,24240106103,Pati Prathmik Shala ,263,20.6026001,73.18900299
91,C-4,15,24240106102,Pati Dadri Falia ,69,20.60449982,73.1832962
92,C-4,16,24240106101,Pati Patel Falia ,50,20.60379982,73.19940186
93,C-4,17,24240103602,Kakadveri Prathmik Shala ,86,20.61809921,73.17919922
94,C-4,18,24240103601,Kakadveri Deshmukh Falia ,161,20.61289978,73.20040131
95,C-4,19,24240108201,Toranvera Prathmik Shala ,259,20.63170052,73.19809723
96,C-4,20,24240108301,Vadpada Prathmik Shala ,36,20.60589981,73.16410065
97,C-4,21,24240106001,Panikhadak Prathmik Shala ,229,20.6508007,73.1753006
98,C-4,22,24240106002,Panikhadak Hanuman Falia ,58,20.64970016,73.19110107
99,C-4,23,24240105401,Nadagdhari Prathmik Shala ,63,20.6609993,73.18669891
100,C-4,24,24240103301,Jamanpada Prathmik Shala ,192,20.62849998,73.17500305
101,C-4,25,24240103302,Gavla Falia Jamanpada,103,20.62759972,73.1608963
102,C-4,26,24240102101,Dhamdhuma Prathmik Shala ,160,20.66530037,73.19779968
103,C-4,27,24240102202,Dholumber Tadbari Varg Shala ,37,20.65460014,73.22219849
104,C-5,1,24240106808,Rumla Chirpada Prathmik Shala,39,20.67639923,73.18440247
105,C-5,2,24240106802,Rumla Mohpada Prathmik Shala,40,20.69440079,73.18499756
106,C-5,3,24240106810,Shatadia Prathmik Shala,145,20.70210075,73.18049622
107,C-5,4,24240107401,Siyada Pradhanpada Prathmik Shala ,85,20.70969963,73.16300201
108,C-5,5,24240103003,Godthal Zadi Falia ,108,20.68829918,73.21450043
109,C-5,6,24240104301,Khudvel Prathmik Shala ,100,20.73620033,73.14559937
110,C-5,7,24240103701,Kaliyari Prathmik Shala ,183,20.72380066,73.14160156
111,C-5,8,24240100901,Bamanvada Prathmik Shala ,114,20.73360062,73.13510132
112,C-5,9,24240104001,Khambhada Prathmik Shala ,164,20.75930023,73.10980225
113,C-5,10,24240104002,Khambhda Samar Falia ,25,20.75029945,73.13430023
114,C-5,11,24240104003,Khambhada Kanbivad ,31,20.75699997,73.11009979
115,C-5,12,24240102401,Fadvel Prathmik Shala ,157,20.7432003,73.17469788
116,C-5,13,24240102403,Fadvel Vadi Falia ,47,20.74290085,73.1765976
117,C-5,14,24240102402,Fadvel Pinjar Falia ,34,20.74309921,73.17579651
118,C-5,15,24240102405,Fadvel Nagji Falia ,43,20.74360085,73.17430115
119,C-5,16,24240102404,Fadvel Dadra Falia ,43,20.74200058,73.17220306
120,C-5,17,24240102406,Fadvel Bedhiya Falia ,55,20.74270058,73.17700195
121,C-5,18,24240107402,Siyada Prathmik Shala ,160,20.72590065,73.16390228
122,C-5,19,24240107403,Siyada Patel Falia,40,20.72579956,73.16470337
123,C-5,20,24240107301,Saravani Prathmik Shala ,173,20.73530006,73.22019958
124,C-5,21,24240107304,Saravani Dhagadi ,116,20.72719955,73.24690247
125,C-5,22,24240107302,Saravani Bid Falia ,40,20.72929955,73.2338028
126,C-5,23,24240107303,Saravani Vethiyavad ,38,20.73629951,73.23210144
127,C-5,24,24240100501,Ambach Prathmik Shala ,203,20.71680069,73.21130371
128,C-5,25,24240103501,Kakadvel Prathmik Shala ,165,20.70929909,73.25019836
129,C-5,26,24240108702,Velanpur Prathmik Shala ,196,20.70499992,73.23020172
130,C-5,27,24240103802,Kanbhai Jagan Falia ,113,20.71820068,73.18190002
131,C-5,28,24240103801,Kanbhai Desai Falia ,42,20.70639992,73.19020081
132,C-6,1,24240106809,Rumla Bardiparda Prathmik Shala,78,20.68849945,73.17019653
133,C-6,2,24240106806,Rumla Prathmik Shala ,169,20.67950058,73.17410278
134,C-6,3,24240106804,Rumla Kumbhar Falia,145,20.68000031,73.16419983
135,C-6,4,24240106807,Rumla Koliwad Prathmik Shala,76,20.68059921,73.14839935
136,C-6,5,24240106801,Rumla Chikarpada Prathmik Shala,43,20.67130089,73.14689636
137,C-6,6,24240106805,Rumla Ambapada Prathmik Shala,194,20.66279984,73.1608963
138,C-6,7,24240106803,Rumla Mangalpada Prathmik Shala,55,20.66570091,73.17150116
139,C-6,8,24240102902,Gholar Prathmik Shala ,120,20.70350075,73.15470123
140,C-6,9,24240102901,Gholar Mahakalpada Prathmik Shala,40,20.7010994,73.13980103
141,C-6,10,24240102903,Gholar Ranapda Prathmik Shala,65,20.69389915,73.15019989
142,C-6,11,24240100101,Achhavani Prathmik Shala,51,20.65180016,73.14649963
143,C-6,12,24240100103,Achhavani Upali Bahej Zari Prathmik Shala,33,20.65229988,73.15709686
144,C-6,13,24240100107,Achhavani Nichli Bahej Prathmik Shala,30,20.65929985,73.14440155
145,C-6,14,24240105201,Mogaravadi Prathmik Shala ,80,20.6821003,73.12989807
146,C-6,15,24240106905,Sadadvel Prathmik Shala ,65,20.76320076,73.14769745
147,C-6,16,24240106904,Sadadvel Sonariya Falia Prathmik Shala,85,20.77199936,73.17240143
148,C-6,17,24240106901,Sadadvel Desai Falia ,36,20.77289963,73.15969849
149,C-6,18,24240106902,Dadra Falia Sadadvel Prathmik Shala,22,20.78000069,73.1414032
150,C-6,19,24240106903,Sadadvel Kumbhar Falia Prathmik Shala,42,20.78190041,73.16100311
151,C-6,20,24240103101,Harangam Prathmik Shala ,157,20.79120064,73.15180206
152,C-6,21,24240103102,Harangam Sudhavadi Prathmik Shala,106,20.80089951,73.15789795
153,C-6,22,24240106303,Rankuva Sindur Falia Prathmik Shala,12,20.81500053,73.15249634
154,C-6,23,24240106301,Rankuva Kumar Shala,293,20.81340027,73.15589905
155,C-6,24,24240106304,Rankuva Patel Falia Prathmik Shala,24,20.81649971,73.15339661
156,C-6,25,24240106305,Rankuva Navanagar Prathmik Shala,45,20.80820084,73.15850067
157,C-6,26,24240108403,Vanzana Moti Vangarvadi Prathmik Shala,21,20.81719971,73.16339874
158,C-7,1,24240108003,Tejlav Prathmik Shala ,175,20.71089935,73.04509735
159,C-7,2,24240108002,Tejlav Vethiyavad,40,20.70879936,73.04229736
160,C-7,3,24240100703,Chimla Prathmik Shala ,145,20.72599983,73.03510284
161,C-7,4,24240100704,Balvada Prathmik Shala ,50,20.71170044,73.02290344
162,C-7,5,24240100701,Balvada Navanagar ,30,20.72120094,73.02020264
163,C-7,6,24240104702,Majigam Prathmik Shala ,160,20.75270081,73.05010223
164,C-7,7,24240107101,Samroli Prathmik Shala ,163,20.7614994,73.05339813
165,C-7,8,24240104901,Malvada Prathmik Shala ,17,20.73800087,73.04440308
166,C-7,9,24240104701,Majigam Dehra Falia ,29,20.74679947,73.03929901
167,C-7,10,24240102701,Ghekti Prathmik Shala ,172,20.75589943,73.00039673
168,C-7,11,24240108501,Vankal Mokha Falia ,42,20.75160027,73.02510071
169,C-7,12,24240107103,Samroli Ghod Falia ,60,20.77059937,73.05319977
170,C-7,13,24240107102,Samrolli Nava Falia ,14,20.76140022,73.04540253
171,C-7,14,24240103202,Hond Talavpad,64,20.73730087,73.03579712
172,C-7,15,24240103201,Hond Prathmik Shala ,101,20.73450089,73.02999878
173,C-7,16,24240108502,Vankal Vajifa Falia ,15,20.74629974,73.00610352
174,C-7,17,24240108503,Vankal Vania Falia ,15,20.75600052,73.00990295
175,C-7,18,24240108504,Vankal Prathmik Shala ,170,20.75779915,73.01979828
176,C-7,19,24240100303,Alipore Prathmik Shala ,112,20.79840088,73.06950378
177,C-7,20,24240100302,Alipore Dungri Falia ,64,20.79059982,73.08779907
178,C-7,21,24240100301,Alipore Majived ,123,20.78470039,73.07350159
179,C-7,22,24240100304,Alipore Khambhiya ,60,20.79129982,73.06230164
180,C-7,23,24240102001,Degam Kumar Shala ,112,20.8010006,73.0848999
181,C-7,24,24240102003,Degam Adiyavad ,22,20.82099915,73.09380341
182,C-7,25,24240102004,Degam Dhodiyavad ,34,20.81080055,73.09500122
183,C-7,26,24240102002,Degam Kanya Shala ,109,20.80060005,73.08499908
184,C-8,1,24240105002,Manekpore Navanager ,79,20.7935009,73.13030243
185,C-8,2,24240105003,Manekpore Dhodiyawad ,29,20.78800011,73.13220215
186,C-8,3,24240106601,Rethvaniya Prathmik Shala ,145,20.80750084,73.12339783
187,C-8,4,24240105001,Manekpore Prathmik Shala ,138,20.7928009,73.13040161
188,C-8,5,24240109201,Undhval Varg Shala ,27,20.8132,73.13189697
189,C-8,6,24240108404,Vanzana Naikywad Prathmik Shala,82,20.83200073,73.1371994
190,C-8,7,24240100804,Bamanvel Prathmik Shala ,300,20.77960014,73.10690308
191,C-8,8,24240100802,Bamanvel Patel Falia,19,20.78129959,73.12110138
192,C-8,9,24240100801,Bamanvel Bavi Falia,106,20.7833004,73.12680054
193,C-8,10,24240100803,Bamanvel Mahyavanshi,19,20.78510094,73.11560059
194,C-8,11,24240101402,Chasa Prathmik Shala ,183,20.83359909,73.1088028
195,C-8,12,24240107601,Sunthvad Prathmik Shala ,83,20.82920074,73.0923996
196,C-8,13,24240107602,Sunthvad Patel Falia ,73,20.82570076,73.07579803
197,C-8,14,24240101401,Chasa Dhodiyavad,20,20.83359909,73.10890198
198,C-8,15,24240102301,Donja Prathmik Shala ,97,20.78389931,73.18340302
199,C-8,16,24240104504,Kukeri Prathmik Shala ,47,20.80999947,73.1832962
200,C-8,17,24240104501,Kukeri Madha Talav ,8,20.8090992,73.19219971
201,C-8,18,24240104503,Kukeri Kolivad ,14,20.80830002,73.18659973
202,C-8,19,24240104502,Kukeri Torvan Falia Prathmik Shala ,134,20.79220009,73.18740082
203,C-8,20,24240107702,Surkhai Prathmik Shala ,63,20.80990028,73.18190002
204,C-8,21,24240107701,Surkhai Ramji Falia ,34,20.81119919,73.18090057
205,C-8,22,24240104101,Kharoli Prathmik Shala ,136,20.84329987,73.2193985
206,C-8,23,24240104102,Kharoli Baroliya ,105,20.84569931,73.23549652
207,C-8,24,24240104103,Kharoli Dadara Falia ,46,20.83749962,73.22669983
208,C-8,25,24240105102,Minkutch Prathmik Shala,130,20.85059929,73.10269928
209,C-8,26,24240105101,Minkutch Dhodiyawad Prathmik Shala,38,20.84950066,73.10340118
210,C-8,27,24240101002,Baroliya Mukhya Shala ,117,20.84059906,73.08570099
211,C-8,28,24240101001,Baroliya Vadi Falia Prathmik Shala,18,20.83760071,73.08540344
212,C-9,1,24240108401,Vanzana Prathmik Shala ,142,20.83720016,73.13899994
213,C-9,2,24240108407,Vanzana Chhabdi Prathmik Shala,100,20.8192997,73.16079712
214,C-9,3,24240108402,Vanzana Bhut Falia Prathmik Shala,145,20.81739998,73.16320038
215,C-9,4,24240108406,Vanzana Kumar Shala,88,20.83049965,73.1576004
216,C-9,5,24240106502,Ranveri Khurd Prathmik Shala ,177,20.83749962,73.19229889
217,C-9,6,24240106501,Ranveri Khurd Zadi Falia ,35,20.84760094,73.1984024
218,C-9,7,24240106503,Ranveri Khurd Mahadev Falia ,40,20.85519981,73.19860077
219,C-9,8,0,Ranveri Kalla Prathmik Shala ,37,20.84980011,73.17860199
220,C-9,9,24240106403,Ranveri Kalla Nava Falia ,20,20.84289932,73.18560028
221,C-9,10,24240106401,Ranveri Kalla Naher Falia ,192,20.84980011,73.16860199
222,C-9,11,24240101201,Bodvank Mukhya Shala ,89,20.8696003,73.15540314
223,C-9,12,24240101202,Bodvank Dadra Falia Varg Shala,20,20.86700058,73.15670013
224,C-9,13,24240101203,Bodvank Chamar Falia Prathmik Shala,15,20.86949921,73.15119934
225,C-9,14,24240101801,Chitali Prathmik Shala ,41,20.88619995,73.15180206
226,C-9,15,24240103401,Jogvad Prathmik Shala ,43,20.88129997,73.16639709
227,C-9,16,24240103403,Jogvad Tadiya Falia Prathmik Shala,38,20.88759995,73.17150116
228,C-9,17,24240103402,Jogvad Ramnagar Prathmik Shala,29,20.88759995,73.18070221
229,C-9,18,24240103901,Kangvai Prathmik Shala ,161,20.86899948,73.17639923
230,C-9,19,24240103904,Kangvai Daliya Falia ,13,20.85639954,73.17649841
231,C-9,20,24240103902,Kangvai Kakat Falia ,50,20.87619972,73.18869781
232,C-9,21,24240103903,Kangvai Khakhari Falia ,41,20.85849953,73.1894989
233,C-9,22,24240105602,Nogama Pahad Falia Prathmik Shala,29,20.85980034,73.11599731
234,C-9,23,24240107201,Saraiya Prathmik Shala ,140,20.88139915,73.13539886
235,C-9,24,24240107901,Tankal Patel Falia Prathmik Shala,42,20.84910011,73.13680267
236,C-9,25,24240107902,Sharsvati Mandir Tankal ,108,20.85790062,73.12960052
237,C-9,26,24240202802,Gandeva Kevadiya Prathmik Shala,21,20.86380005,73.08059692
238,C-9,27,24240202807,Gandeva Zadi Falia Prathmik Shala,22,20.87220001,73.10150146
239,C-9,28,24240202805,Gandeva Patel Falia Prathmik Shala,36,20.86470032,73.10240173
240,G-1,1,24240200201,Ajari - 1 Prathmik Shala,50,20.82629967,72.98940277
241,G-1,2,24240200202,Ajari - 2 Prathmik Shala,20,20.82040024,72.98459625
242,G-1,3,24240207701,Taliyara Prathmik Shala,145,20.80960083,72.97480011
243,G-1,4,24240201902,Devdha Prathmik Shala,111,20.7961998,72.97190094
244,G-1,5,24240207003,Sari Station Kanya Shala -2,27,20.81389999,72.95420074
245,G-1,6,24240207004,Sari Station Kumar Shala,150,20.81200027,72.95480347
246,G-1,7,24240201101,Bhensla Prathmik Shala,17,20.80069923,72.95839691
247,G-1,8,24240208901,Vasan Prathmik Shala,35,20.81570053,72.94450378
248,G-1,9,24240204701,Kotha Prathamik shala,80,20.81539917,72.9265976
249,G-1,10,24240205601,Machiyavasan Prathmik Shala,98,20.80620003,72.91320038
250,G-1,11,24240200601,Endhal Prathmik Shala,208,20.84519958,73.05860138
251,G-1,12,24240206801,Rahej Prathmik Shala,53,20.82099915,73.00579834
252,G-1,13,24240206701,Pipaldhara Prathmik Shala,47,20.85230064,73.04029846
253,G-1,14,24240202402,Dhanori Prathmik Shala,107,20.83769989,73.02249908
254,G-1,15,24240201401,Changa Prathmik Shala,19,20.82060051,73.01450348
255,G-1,16,24240201002,Ghol Prathmik Shala,63,20.76849937,72.95140076
256,G-1,17,24240205901,Morali Prathmik Shala,119,20.76539993,72.93599701
257,G-1,18,24240201001,Bhatha Prathmik Shala,50,20.78420067,72.95490265
258,G-1,19,24240207101,Sari Khurd Prathmik Shala,157,20.7989006,72.94889832
259,G-1,20,24240207001,Saribujarang ( Luswada ) Prathmik Shala,38,20.7989006,72.94239807
260,G-1,21,24240203501,Kalmatha Prathmik Shala,61,20.78370094,72.94280243
261,G-1,22,24240201501,Chhapar Prathmik Shala,52,20.79210091,72.93530273
262,G-1,23,24240205502,Medhar ( Koriwad ) Prathmik Shala,10,20.76479912,72.87480164
263,G-1,24,24240205503,Medhar Prathmik Shala,74,20.75880051,72.87470245
264,G-1,25,24240205501,Bavari Prathmik Shala,19,20.75169945,72.87149811
265,G-1,26,24240200902,Bhat Prathmik Shala,234,20.77179909,72.85099792
266,G-2,1,24240207802,Talod Prathmik Shala,280,20.78059959,72.96720123
267,G-2,2,24240201202,Bilimora Kumar Shala,210,20.77050018,72.96260071
268,G-2,3,24240201201,Bilimora Kanya Shala,145,20.76939964,72.96140289
269,G-2,4,24240201205,Machhiwad Prathmik Shala,24,20.76670074,72.9552002
270,G-2,5,24240201204,Marathi Prathmik Shala,50,20.77050018,72.95890045
271,G-2,6,24240202902,Gandevi Kumar Shala,125,20.81520081,72.99569702
272,G-2,7,24240202909,Gandevi Kanya Shala,206,20.81019974,72.99559784
273,G-2,8,24240202908,Sir C. J. New High School,102,20.81010056,72.99430084
274,G-2,9,24240202904,Telugu Prathmik Shala,47,20.8090992,73.00440216
275,G-2,10,24240208002,Kothi Falia Prathmik Shala,41,20.80550003,72.99430084
276,G-2,11,24240208001,Kaliyari Prathmik Shala,6,20.80170059,72.9838028
277,G-2,12,24240208003,Torangam Prathmik Shala,34,20.80949974,72.9835968
278,G-2,13,24240208601,Valoti Prathmik Shala,62,20.79750061,72.98480225
279,G-2,14,24240201209,M. V. Mistry Prathmik Shala,94,20.77009964,72.97329712
280,G-2,15,24240201210,Somnath Prathmik Shala,95,20.76569939,72.97219849
281,G-2,16,24240201801,Desra Prathmik Shala,125,20.75790024,72.97399902
282,G-2,17,24240201211,Aariyamora Prathmik Shala,123,20.7635994,72.96880341
283,G-2,18,24240203101,Goyandi - Bhatha Prathmik Shala,108,20.74880028,72.95469666
284,G-2,19,24240204101,Khaparvada Prathmik Shala,198,20.73929977,72.96050262
285,G-2,20,24240208701,Vangam Prathmik Shala,139,20.73830032,72.94629669
286,G-2,21,24240201301,Bigari Prathmik Shala,257,20.74640083,72.93049622
287,G-2,22,24240206603,Sui Talavadi Prathmik Shala,22,20.74230003,72.92680359
288,G-2,23,24240206601,Maskra Prathmik Shala,27,20.74749947,72.91860199
289,G-2,24,24240206602,Ponsari Prathmik Shala,71,20.74080086,72.91760254
290,G-2,25,24240201601,Dadhora Prathmik Shala,22,20.74449921,72.94239807
291,G-2,26,24240202501,Dholai Prathmik Shala,119,20.73590088,72.89630127
292,G-2,27,24240208501,Buniyadi Mishra Shala Vaghrech,150,20.75659943,72.96070099
293,G-2,28,24240202002,Devsar - 2 Prathmik Shala,202,20.7845993,72.98049927
294,G-2,29,24240202001,Devsar - 1 Prathmik Shala,167,20.77910042,72.97709656
295,G-3,1,24240208301,Vadsagar Prathmik Shala,112,20.81940079,73.0134964
296,G-3,2,24240204301,Khergam-1 Prathmik Shala,30,20.81469917,73.01509857
297,G-3,3,24240204302,Khergam-2 Prathmik Shala,145,20.8125,73.01260376
298,G-3,4,24240204303,Sugar Factory Prathmik Shala,63,20.81119919,73.00990295
299,G-3,5,24240202601,Duvada Prathmik Shala,152,20.82640076,73.05590057
300,G-3,6,24240200602,Endhal Mana Falia Prathmik Shala,10,20.83849907,73.07389832
301,G-3,7,24240200603,Endhal Vanzari Falia Prathmik Shala,45,20.82430077,73.06780243
302,G-3,8,24240203601,Kalvach Prathmik Shala,129,20.80540085,73.05249786
303,G-3,9,24240201701,Desad Vav Falia Prathmik Shala,30,20.80349922,73.042099
304,G-3,10,24240201702,Desad Prathmik Shala,57,20.80509949,73.01740265
305,G-3,11,24240202901,Kasbawadi Prathmik Shala,126,20.79899979,73.00910187
306,G-3,12,24240208603,Karanjdevi Prathmik Shala,68,20.79260063,73.00440216
307,G-3,13,24240206402,Pati Prathmik Shala,75,20.79389954,73.0161972
308,G-3,14,24240206401,Khokhar Prathmik Shala,48,20.79039955,73.02580261
309,G-3,15,24240200401,Ambheta Prathmik Shala,235,20.78499985,73.04370117
310,G-3,16,24240203901,Kesli Prathmik Shala,123,20.78230095,73.01940155
311,G-3,17,24240206101,Nadarkha Prathmik Shala,107,20.76980019,73.01650238
312,G-3,18,24240206102,Nadarkha Untadi Falia Prathmik Shala,10,20.76880074,73.02469635
313,G-3,19,24240200103,Antaliya Prathmik Shala,390,20.76650047,72.99099731
314,G-3,20,24240202201,Dhakvada Prathmik Shala,129,20.77470016,72.9960022
315,G-3,21,24240208103,Udach Raghav Falia Prathmik Shala,26,20.74979973,72.9940033
316,G-3,22,24240208101,Udach Vania Falia Prathmik Shala,85,20.74530029,72.9980011
317,G-3,23,24240208102,Udach Kachhal Falia Prathmik Shala,10,20.73830032,73.0094986
318,G-3,24,24240208104,Udach Dhodia Falia Shala,17,20.72839928,72.99939728
319,G-3,25,24240208105,Udach Luhar Falia Prathmik Shala,92,20.74279976,72.98490143
320,G-4,1,24240204201,Khapariya Prathmik Shala,243,20.86219978,73.04720306
321,G-4,2,24240202301,Dhamadacha Kumar Shala,99,20.82290077,72.97260284
322,G-4,3,24240202302,Dhamadacha Kanya Shala,145,20.82290077,72.97329712
323,G-4,4,24240203001,Ganghor Prathmik Shala,16,20.83279991,72.96640015
324,G-4,5,24240200301,Amalsad Misra Prathmik Shala,61,20.82130051,72.96179962
325,G-4,6,24240200302,Amalsad Kumar Shala,72,20.81679916,72.96109772
326,G-4,7,24240200305,Sari Station Kanya Shala -1,69,20.81509972,72.95870209
327,G-4,8,24240200303,Amalsad Gandhinagar Prathmik Shala,50,20.81389999,72.959198
328,G-4,9,24240204601,Kolva Prathmik Shala,30,20.8593998,72.96759796
329,G-4,10,24240203301,Kachholi Kumar Shala,52,20.83749962,72.97370148
330,G-4,11,24240203302,Kachholi Kanya Shala,110,20.83839989,72.97589874
331,G-4,12,24240202806,Gandeva Prathmik Shala,259,20.8635006,73.08049774
332,G-4,13,24240202803,Gandeva Hatvada Prathmik Shala,34,20.85969925,73.08280182
333,G-4,14,24240202804,Gandeva Parsi Falia Prathmik Shala,46,20.86230087,73.07299805
334,G-4,15,24240205401,Matvad Prathmik Shala,93,20.87630081,73.06130219
335,G-4,16,24240209001,Vegam Prathmik Shala,148,20.8682003,73.01830292
336,G-4,17,24240208402,Vagalvad Prathmik Shala,12,20.87490082,73.03299713
337,G-4,18,24240304302,Manekpore Prathmik Shala,49,20.98450089,72.92320251
338,G-4,19,24240202701,Gadat Prathmik Shala,104,20.85700035,72.98829651
339,G-4,20,24240202702,"The Ambika High School, Gadat",60,20.85400009,72.98860168
340,G-4,21,24240207401,Sonvadi Prathmik Shala,106,20.85400009,72.97360229
341,G-4,22,24240203202,Eachhapore Prathmik Shala ,40,20.86380005,72.98809814
342,G-4,23,24240203201,Eachhapore Halpativas Vargshala,17,20.86779976,72.99610138
343,G-4,24,24240206301,Pathari Prathmik Shala,110,20.84160042,73.00229645
344,G-4,25,24240204401,Khakhavada Prathmik Shala,25,20.84480095,72.98870087
345,G-4,26,24240206901,Salej Prathmik Shala,51,20.86100006,72.97709656
346,G-4,27,24240205701,Mohanpur Prathmik Shala,39,20.85309982,72.94680023
347,G-4,28,24240500901,Boriach Prathmik Shala,27,20.70890045,73.35449982
348,J-1,1,24240301802,DABHEL PRATHMIK SHALA,162,21.03590012,72.94390106
349,J-1,2,24240301601,CHAUKHAD PRATHMIK SHALA,114,21.02899933,72.92199707
350,J-1,3,24240300202,ASANA VARG SHALA,145,21.04859924,72.9434967
351,J-1,4,24240302701,KALAKACHA PRATHMIK SHALA,155,21.05579948,72.95760345
352,J-1,5,24240303502,KOLASANA PRATHMIK SHALA,40,21.01650047,72.90370178
353,J-1,6,24240303501,SUGAR FACTORY MAROLI PRATHMIK SHALA,39,21.0223999,72.91359711
354,J-1,7,24240300201,ASANA PRATHMIK SHALA,70,21.05290031,72.94000244
355,J-1,8,24240307506,VESMA KUMAR SHALA,39,21.03249931,72.97440338
356,J-1,9,24240307505,VESMA KANYA SHALA,87,21.03219986,72.97350311
357,J-1,10,24240307504,VESMA HAJIPURA PRATHMIK SHALA,64,21.03300095,72.97319794
358,J-1,11,24240307503,KACHHIAVADI PRATHMIK SHALA,78,21.03280067,72.96929932
359,J-1,12,24240307502,VESMA KUNDAL VARGSHALA,16,21.03409958,72.97070313
360,J-1,13,24240303801,KUCHED PRATHMIK SHALA,115,21.02689934,72.99710083
361,J-1,14,24240305901,SADODARA PRATHMIK SHALA,15,21.03059959,72.98639679
362,J-1,15,24240306201,SANDALPOR PRATHMIK SHALA,128,21.00620079,72.9897995
363,J-1,16,24240300101,AARAK PRATHMIK SHALA,104,21.05130005,72.98699951
364,J-1,17,24240307601,VADA PRATHMIK SHALA,45,21.03910065,72.90619659
365,J-1,18,24240305601,PONSARA PRATHMIK SHALA,35,21.04590034,72.89179993
366,J-1,19,24240306601,SISODARA (ARAK) PRATHMIK SHALA,158,21.04389954,73.00460052
367,J-1,20,24240304103,MAHUVAR VARG SHALA,25,21.02090073,72.8934021
368,J-1,21,24240401701,Dhaman Prathmik Shala,139,21.01519966,72.93669891
369,J-1,22,24240403501,Padgha Prathmik Shala,53,20.98889923,72.94719696
370,J-1,23,24240405301,Telada Prathmik Shala,70,20.98690033,72.98300171
371,J-1,24,24240405302,Tatanagar Prathmik Shala,139,20.99769974,72.9890976
372,J-1,25,24240403702,Parthan Prathmik Shala,41,21.01429939,72.96260071
373,J-1,26,24240406001,Vejalpore Prathmik Shala,91,21.00139999,72.96970367
374,J-1,27,24240400301,Aasundar Prathmik Shala,85,21.01339912,72.91809845
375,J-1,28,24240404401,Sarai Prathmik Shala,48,21.00699997,72.9434967
376,J-2,1,24240306901,TAVADI PRATHMIK SHALA,119,20.96689987,72.89830017
377,J-2,2,24240301501,CHHINAM PRATHMIK SHALA,97,20.99550056,72.88379669
378,J-2,3,24240302601,KADOLI PRATHMIK SHALA,145,21.00029945,72.89199829
379,J-2,4,24240306001,SAGARA PRATHMIK SHALA,41,20.98590088,72.89880371
380,J-2,5,24240304701,MIRZAPUR PRATHMIK SHALA,83,20.98509979,72.88150024
381,J-2,6,24240300801,ALURA PRATHMIK SHALA,21,20.98270035,72.86650085
382,J-2,7,24240304102,MAHUVAR PRATHMIK SHALA,189,21.02490044,72.88469696
383,J-2,8,24240303101,KARAKHAT PRATHMIK SHALA,23,21.0265007,72.82820129
384,J-2,9,24240304501,MAROLI PRATHMIK SHALA,159,21.03650093,72.8660965
385,J-2,10,24240304801,NADOD PRATHMIK SHALA,63,21.03420067,72.86160278
386,J-2,11,24240306403,SIMADGAM PRATHMIK SHALA,67,20.99909973,72.85230255
387,J-2,12,24240301001,BHINAR PRATHMIK SHALA,40,20.9890995,72.81590271
388,J-2,13,24240302201,DELVADA PRATHMIK SHALA,28,20.98119926,72.83679962
389,J-2,14,24240304401,MANGROL PRATHMIK SHALA,26,21.01350021,72.81400299
390,J-2,15,24240301701,DALAKI PRATHMIK SHALA,16,21.01429939,72.84970093
391,J-2,16,24240305402,PARSOLI PRATHMIK SHALA,52,21.01959991,72.80239868
392,J-2,17,24240305501,PARUJAN PRATHMIK SHALA,99,21.01099968,72.83560181
393,J-2,18,24240307101,VADOLI PRATHMIK SHALA,5,20.98209953,72.83950043
394,J-2,19,24240307001,UBHRAT PRATHMIK SHALA,47,21.01479912,72.73680115
395,J-2,20,24240302301,DIPLA PRATHMIKSHALA,38,21.00390053,72.74310303
396,J-2,21,24240302101,DANTY PRATHMIK SHALA,49,21.04360008,72.73470306
397,J-2,22,24240304901,NIMLAY PRATHMIK SHALA,18,21.00440025,72.78970337
398,J-2,23,24240304001,BHATHA-1 PRATHMIK SHALA,70,21.04070091,72.78859711
399,J-2,24,24240301302,BORSHY PRATHMIK SHALA,3,20.95330048,72.75530243
400,J-2,25,24240301301,BORSHY (MACHIVAD) PRATHMIK SHALA,153,20.94190025,72.75630188
401,J-2,26,24240307201,VANSY PRATHMIK SHALA,32,20.95730019,72.75160217
402,J-2,27,24240406103,Arsan Prathmik Shala,14,21.01580048,72.8647995
403,J-3,1,24240200501,Ancheli Prathmik Shala,60,20.84630013,72.94249725
404,J-3,2,24240300402,ABRAMA KANYA SHALA,105,20.85919952,72.90950012
405,J-3,3,24240300401,ABRAMA KUMAR SHALA,145,20.85919952,72.90920258
406,J-3,4,24240302801,KALTHAN PRATHMIK SHALA,110,20.86940002,72.88050079
407,J-3,5,24240306701,SULTANPUR VARG SHALA,15,20.85440063,72.87689972
408,J-3,6,24240306703,ISHWAR KRUPA SULTANPUR PRATHMIK SHALA,24,20.86289978,72.88130188
409,J-3,7,24240303201,KAROD KOTHVA PRATHMIK SHALA,39,20.85379982,72.92900085
410,J-3,8,24240306301,SARAV PRATHMIK SHALA,35,20.85280037,72.92060089
411,J-3,9,24240301401,NAVITALIM SHALA CHIJGAM,65,20.83049965,72.87930298
412,J-3,10,24240301402,RANA BHATA PRATHMIK SHALA,18,20.8246994,72.85919952
413,J-3,11,24240303401,KHARSAD PRATHMIK SHALA,54,20.83819962,72.91419983
414,J-3,12,24240303301,KHAMBHALAV PRATHMIK SHALA,47,20.86750031,72.85959625
415,J-3,13,24240300702,ERU KANYA SHALA,42,20.91320038,72.90570068
416,J-3,14,24240300701,ERU KUMAR SHALA,41,20.91349983,72.90589905
417,J-3,15,24240304201,MANDIR PRATHMIK SHALA,103,20.88870049,72.91750336
418,J-3,16,24240304202,DOZI FALIYA PRATHMIK SHALA,46,20.88960075,72.9088974
419,J-3,17,24240302401,HANSAPOR PRATHMIK SHALA,64,20.90570068,72.91829681
420,J-3,18,24240305101,PANAR PRATHMIK SHALA,33,20.82460022,72.8927002
421,J-3,19,24240305102,KANIYET PRATHMIK SHALA,35,20.81830025,72.85900116
422,J-3,20,24240305103,CHORAMLA BHATA PRATHMIK SHALA,47,20.81279945,72.86119843
423,J-3,21,24240303702,KRUSHANPUR KUMAR SHALA,119,20.80739975,72.86090088
424,J-3,22,24240303701,KRUSHANPUR KANYA SHALA,126,20.80739975,72.86049652
425,J-3,23,24240302901,KANERA PRATHMIK SHALA,8,20.81830025,72.88899994
426,J-3,24,24240208201,Vadi Prathmik Shala,16,20.80879974,72.8911972
427,J-3,25,24240205202,Masa Prathmik Shala,40,20.79910088,72.89240265
428,J-3,26,24240205201,Masa Dhikri Varg Shala,14,20.7901001,72.89289856
429,J-3,27,24240200801,Bhagad Prathmik Shala,113,20.80120087,72.88459778
430,J-3,28,24240206001,Movasa Prathmik Shala,41,20.79540062,72.88339996
431,J-4,1,24240306702,BORI FALIYA PRATHMIK SHALA,46,20.84350014,72.84529877
432,J-4,2,24240300301,AAT KUMAR SHALA,58,20.88850021,72.86460114
433,J-4,3,24240300303,AAT KANYA SHALA,145,20.88400078,72.86319733
434,J-4,4,24240300302,RUPAN TALAV PRATHMIK SHALA,20,20.88920021,72.87409973
435,J-4,5,24240301101,BHUTSAD PRATHMIK SHALA,33,20.89769936,72.88780212
436,J-4,6,24240305002,ONJAL PRATHMIK SHALA,39,20.83060074,72.84010315
437,J-4,7,24240305001,ONJAL MACHHIVAD PRATHMIK SHALA,404,20.81089973,72.83409882
438,J-4,8,24240300501,ERTHAN PRATHMIK SHALA,34,20.90299988,72.88140106
439,J-4,9,24240301202,BODALI PRATHMIK SHALA,65,20.94169998,72.87660217
440,J-4,10,24240301201,BODALI KHANDARK FALIA PRATHMIK SHALA,25,20.94370079,72.86389923
441,J-4,11,24240303901,MACHHAD PRATHMIK SHALA,30,20.93619919,72.85780334
442,J-4,12,24240307402,VIJALPOR PRATHMIK SHALA,703,20.93930054,72.91529846
443,J-4,13,24240307401,KRUSHI CAMPUS PRATHMIK SHALA,203,20.9279995,72.91130066
444,J-4,14,24240307405,AMBEDKAR NAGAR PRATHMIK SHALA,563,20.93540001,72.92060089
445,J-4,15,24240304601,MATWAD PRATHMIK SHALA,90,20.92160034,72.83570099
446,J-4,16,24240304602,AAVDA FALIYA PRATHMIK SHALA,28,20.91329956,72.84349823
447,J-4,17,24240306101,SAMAPOR PRATHMIK SHALA,52,20.90559959,72.81279755
448,J-4,18,24240302001,DANDI PRATHMIK SHALA,18,20.88870049,72.80370331
449,J-4,19,24240303601,KOTHAMADI PRATHMIK SHALA,38,20.91399956,72.86620331
450,J-4,20,24240305201,NANI PETHAN PRATHMIK SHALA,35,20.91959953,72.87280273
451,J-4,21,24240305202,MOTI PETHAN VARG SHALA,8,20.92399979,72.87860107
452,J-4,22,24240303001,KARADI PRATHMIK SHALA,24,20.9272995,72.8404007
453,J-4,23,24240306102,PAR FALIA SAMAPUR,15,20.91270065,72.80930328
454,J-4,24,24240307404,MARUTI NAGAR GUJARATI PRATHMIK SHALA,669,20.94059944,72.92279816
455,J-4,25,24240307403,MARUTI NAGAR MARATHI PRATHMIK SHALA,897,20.94029999,72.92279816
456,J-4,26,24240302501,Jalalpore Kumar Shala,115,20.95000076,72.90139771
457,J-4,27,24240302502,Jalalpore Kanya Shala,100,20.94919968,72.90129852
458,J-4,28,24240302503,Purneshwar Prathmik Shala,88,20.93959999,72.90100098
459,NC,1,0,Devina Park Prathmik Shala,187,20.93889999,72.94450378
460,NC,2,24240407601,Mishra Shala 10 Dashera Tekri,298,20.94739914,72.94059753
461,NC,3,24240406602,Kanya Shala 4 Laxmi Talkies,145,20.95459938,72.9233017
462,NC,4,24240406601,Mishra Shala 3 Dandiwad,122,20.95709991,72.92389679
463,NC,5,24240406901,Mishra Shala 4 Sanidev Mandir,118,20.95179939,72.93920135
464,NC,6,24240406603,Kanya Shala 5 Gholvad,50,20.95529938,72.92610168
465,NC,7,24240406501,Mishra Shala 11 Bhensat Khada,57,20.95429993,72.93609619
466,NC,8,24240406311,Mishra Shala 12 Garda Chal,38,20.94779968,72.91400146
467,NC,9,24240406312,Mishra Shala 9 Kagadiwad,405,20.94809914,72.93039703
468,NC,10,24240406802,Kanya Shala 1 Library,104,20.95219994,72.93170166
469,NC,11,24240406801,Kumar Shala 1 Dhobiwad,156,20.95289993,72.92829895
470,NC,12,24240406701,Kanya Shala 2 Kasiwadi,102,20.95809937,72.92639923
471,NC,13,24240406803,Kanya Shala 7 Krishna Society,136,20.9510994,72.92150116
472,NC,14,24240406401,Mishra Shala 7 Krishna Society,107,20.95100021,72.92169952
473,NC,15,24240407201,Mishra Shala 6 Gauri Shankar Mahollo,92,20.94420052,72.91100311
474,NC,16,24240406308,Kanya Shala 8 Gauri Shankar Mahollo,113,20.94930077,72.91159821
475,NC,17,24240406310,Marathi Shala 2 Garda Chal,134,20.9484005,72.91410065
476,NC,18,24240407301,Mishra Shala 8 Ghelkhadi,308,20.93740082,72.91040039
477,NC,19,24240406306,Mishra Shala 2 Sarbatiya Talav,190,20.94759941,72.93509674
478,NC,20,24240406307,Mishra Shala 5 Raichand Road,58,20.95079994,72.91040039
479,NC,21,24240406309,Kanya Shala 6 Raichand Road,83,20.95070076,72.91030121
480,NC,22,24240407701,Kaliyavadi Mukhya Prathmik Shala,48,20.95050049,72.94609833
481,NC,23,24240407702,Kaliyavadi Kanya Shala,133,20.95079994,72.94599915
482,NC,24,24240408101,Moti Chovisi Prathmik Shala,386,20.95159912,72.95860291
483,NC,25,24240407801,Chovisi Kachiyavadi Prathmik Shala,30,20.95859909,72.9464035
484,NC,26,24240307406,Samodiya Prathmik Shala,136,20.92670059,72.91320038
485,NG-1,1,24240402301,Khadsupa Prathmik Shala,254,20.9022007,73.01360321
486,NG-1,2,24240400501,Ambada Prathmik Shala,125,20.95210075,73.04550171
487,NG-1,3,24240405901,Vasar Prathmik Shala,145,20.94739914,73.02570343
488,NG-1,4,24240405501,Toli Prathmik Shala,121,20.9368,73.05809784
489,NG-1,5,24240404801,Shahu Prathmik Shala,90,20.96409988,73.0542984
490,NG-1,6,24240405601,Ugat Prathmik Shala,149,20.95789909,73.06040192
491,NG-1,7,24240405602,Ugat Halpativas Varg Shala,50,20.95689964,73.06289673
492,NG-1,8,24240405101,Supa Prathmik Shala,112,20.99069977,73.03430176
493,NG-1,9,24240402601,Kurel Prathmik Shala,116,20.99290085,73.04109955
494,NG-1,10,24240402401,Khergam Prathmik Shala,99,20.97120094,73.03790283
495,NG-1,11,24240404901,Singod Prathmik Shala,37,20.9654007,73.03679657
496,NG-1,12,24240405701,Vachharvad Prathmik Shala,48,20.97970009,73.04779816
497,NG-1,13,24240404501,Sarona Prathmik Shala,26,20.99699974,73.01229858
498,NG-1,14,24240403901,Pera Prathmik Shala,153,20.99720001,73.01480103
499,NG-1,15,24240401501,Dandeshwar Prathmik Shala,111,20.96290016,73.01399994
500,NG-1,16,24240403201,Nasilpore Prathmik Shala,61,20.95339966,72.98660278
501,NG-1,17,24240400802,Bhattai Prathmik Shala,135,20.9564991,72.99279785
502,NG-1,18,24240400601,Onachi Prathmik Shala,20,20.96220016,72.99210358
503,NG-1,19,24240403402,Unn Prathmik Shala,60,20.91880035,73.01940155
504,NG-1,20,24240405201,Tarsadi Prathmik Shala,69,20.97299957,73.01380157
505,NG-1,21,24240403001,Munsad Prathmik Shala,119,20.93959999,73.01100159
506,NG-1,22,24240402901,Moldhara Prathmik Shala,159,20.97730064,72.9885025
507,NG-1,23,24240406201,Virvadi Prathmik Shala,25,20.95730019,72.98660278
508,NG-1,24,24240402001,Kachhol Prathmik Shala,50,20.90539932,72.99250031
509,NG-2,1,24240307301,Vedchha Prathmik Shala,120,20.87960052,72.94110107
510,NG-2,2,24240301901,Dambher Prathmik Shala,76,20.88870049,72.94740295
511,NG-2,3,24240408001,Kabilpore Prathmik Shala,145,20.95070076,72.95339966
512,NG-2,4,24240407901,Dharagiri Prathmik Shala,170,20.95949936,72.95970154
513,NG-2,5,24240401801,Italava Prathmik Shala,112,20.92079926,72.9509964
514,NG-2,6,24240401901,Jamalpor Prathmik Shala,78,20.92519951,72.94750214
515,NG-2,7,24240405401,Tighara Prathmik Shala,123,20.93709946,72.95269775
516,NG-2,8,24240405004,Sisodara Kumar Shala,120,20.93689919,72.97879791
517,NG-2,9,24240405003,Sisodara Kanya Shala,100,20.93639946,72.97969818
518,NG-2,10,24240405002,Sisodara Gauchar Faliya,58,20.91600037,72.98480225
519,NG-2,11,24240402801,Mogar Prathmik Shala,56,20.8980999,72.94080353
520,NG-2,12,24240402802,Mora Varg Prathmik Shala,6,20.8987999,72.93560028
521,NG-2,13,24240403801,Partapore Prathmik Shala,12,20.90570068,72.94450378
522,NG-2,14,24240402201,Kasbapar Prathmik Shala,108,20.97270012,72.94129944
523,NG-2,15,24240400201,Amari Prathmik Shala,90,20.97649956,72.95210266
524,NG-2,16,24240400101,Amadpor Prathmik Shala,174,20.9720993,72.9618988
525,NG-2,17,24240400401,Adada Prathmik Shala,144,20.90740013,72.97019958
526,NG-2,18,24240401202,Chandravasan Supa,115,20.88699913,72.98860168
527,NG-2,19,24240405801,Vada Prathmik Shala,80,20.91819954,72.97360229
528,NG-2,20,24240401601,Dantej Prathmik Shala,28,20.92110062,72.93569946
529,NG-2,21,24240401301,Chhapra Prathmik Shala,304,20.92539978,72.92849731
530,NG-2,22,24240406101,Viraval Prathmik Shala,152,20.96339989,72.9315033
531,NG-2,23,24240402803,Vakasariya Prathmik Shala,16,20.89789963,72.95999908
532,NG-2,24,24240405001,Motivadi Sisodara Prathmik Shala,26,20.93090057,72.97309875
533,NG-2,25,24240205101,Manekpor Prathmik Shala,107,20.86059952,73.00759888
534,NG-3,1,24240105604,Nogama Prathmik Shala ,161,20.86700058,73.11209869
535,NG-3,2,24240105601,Nogama Kundal Falia Prathmik Shala,79,20.86879921,73.11360168
536,NG-3,3,24240105603,Nogama Dhodiyawad Prathmik Shala,145,20.86739922,73.11620331
537,NG-3,4,24240400701,Ashtagam Prathmik Shala,86,20.89990044,73.0388031
538,NG-3,5,24240400702,Samar Faliya Prathmik Shala,25,20.8913002,73.04309845
539,NG-3,6,24240403301,Nava Talav Prathmik Shala,133,20.91449928,73.03379822
540,NG-3,7,24240400901,Bhula Falia Prathmik Shala,100,20.89889908,73.02919769
541,NG-3,8,24240202801,"K. V. S. High School, Kharel",43,20.86179924,73.06359863
542,NG-3,9,24240403601,Pardi Prathmik Shala,215,20.91150093,73.04879761
543,NG-3,10,24240404201,Rajwada Prathmik Shala,85,20.89319992,73.05490112
544,NG-3,11,24240404301,Sadlav Prathmik Shala,108,20.92819977,73.03500366
545,NG-3,12,24240404703,Mani Nagar Prathmik Shala,55,20.92060089,73.09200287
546,NG-3,13,24240404702,Satem Prathmik Shala,240,20.91860008,73.09220123
547,NG-3,14,24240404704,Ram Nagar Prathmik Shala,47,20.92219925,73.09030151
548,NG-3,15,24240403102,Mori Faliya Prathmik Shala,33,20.91500092,73.09339905
549,NG-3,16,24240403101,Nagdhara Prathmik Shala,202,20.91309929,73.09449768
550,NG-3,17,24240402501,Kumbhar Faliya Prathmik Shala,110,20.91530037,73.12149811
551,NG-3,18,24240401101,Butlav Prathmik Shala,51,20.90810013,73.07150269
552,NG-3,19,24240402502,Gopi Wadi Prathmik Shala,34,20.91729927,73.12120056
553,NG-3,20,24240402701,Mahudi Prathmik Shala,235,20.89789963,73.09320068
554,NG-3,21,24240404101,Punee Prathmik Shala,31,20.8946991,73.10800171
555,NG-3,22,24240402101,Kambada Prathmik Shala,71,20.89730072,73.07119751
556,NG-3,23,24240404601,Sarpore Prathmik Shala,97,20.91379929,73.05909729
557,NG-3,24,24240401401,Dabhalai Prathmik Shala,89,20.91150093,73.07389832
558,NG-3,25,24240402503,Mani Faliya Prathmik Shala,28,20.91410065,73.12419891
559,V-1,1,24240501103,"Chapaldhara, Juna Patel Falia Varg Shala ",60,20.81279945,73.21170044
560,V-1,2,24240501101,Digendra Nagar Prathmik Shala ,108,20.82439995,73.21360016
561,V-1,3,24240501102,Chapaldhara Mukhya Kolivad ,145,20.81620026,73.22170258
562,V-1,4,24240501105,Goras Falia Varg Shala Chapaldhara ,31,20.82710075,73.23339844
563,V-1,5,24240501104,Mindol Falia Varg Shala Chapaldhara ,115,20.81900024,73.24770355
564,V-1,6,24240507304,Movdi Falia Varg Shala Rupvel ,42,20.80690002,73.25499725
565,V-1,7,24240507303,Panishal Varg Shala Rupvel ,46,20.81080055,73.26100159
566,V-1,8,24240507301,Prathmik Shala Rupvel,109,20.80130005,73.26779938
567,V-1,9,24240507302,Rayawadi Varg Shala Rupvel,150,20.80489922,73.27210236
568,V-1,10,24240507801,Prathmik Shala Singad,180,20.80579948,73.29340363
569,V-1,11,24240505901,Prathmik Shala Moti Valzar ,280,20.80080032,73.3164978
570,V-1,12,24240506101,Prathmik Shala Nani Valzar ,31,20.80730057,73.32080078
571,V-1,13,24240505902,Jaman Falia Varg Shala Moti Valzar ,18,20.79829979,73.30529785
572,V-1,14,24240505903,Dungari Falia Varg Shala Moti Valzar ,53,20.79610062,73.3030014
573,V-1,15,24240503401,Prathmik Shala Kantasvel,178,20.7935009,73.29599762
574,V-1,16,24240503201,Prathmik Shala Kandolpada,179,20.78899956,73.27619934
575,V-1,17,24240505001,Lakhawadi Prathmik Shala ,131,20.79170036,73.26519775
576,V-1,18,24240505101,Limberpada Prathmik Shala,110,20.7791996,73.25530243
577,V-1,19,24240503001,Kamboya Prathmik Shala,160,20.79170036,73.24140167
578,V-1,20,24240502001,Doldha Prathmik Shala,106,20.79290009,73.2397995
579,V-1,21,24240502002,Mota Falia Varg Shala Doldha ,35,20.79920006,73.22949982
580,V-1,22,24240502003,Talav Falia Varg Shala Doldha ,22,20.79100037,73.23220062
581,V-1,23,24240506901,Prathmik Shala Rajpur,15,20.79800034,73.22170258
582,V-1,24,24240506701,Prathmik Shala Pratapnagar ,280,20.79910088,73.21269989
583,V-1,25,24240506702,Mota Falia Varg Shala Pratapnagar ,32,20.78930092,73.20809937
584,V-1,26,24240500702,Khadakala Varg Shala Bhinar ,60,20.79920006,73.33999634
585,V-1,27,24240506001,Nani Bhamti Prathmik Shala,71,20.79159927,73.34449768
586,V-1,28,24240502501,Prathmik Shala Hanuman Bari ,105,20.77540016,73.35790253
587,V-2,1,24240102302,Donja Patel Falia ,14,20.77750015,73.19190216
588,V-2,2,24240509403,Prathmik Shala Zari ,112,20.77470016,73.21959686
589,V-2,3,24240509402,Susvad Falia Varg Shala Zari ,145,20.78070068,73.20899963
590,V-2,4,24240508804,Vagli Falia Varg Shala Vandervela ,58,20.76679993,73.21089935
591,V-2,5,24240508801,Prathmik Shala Vandervela ,147,20.75460052,73.20529938
592,V-2,6,24240508802,Mota Falia Varg Shala Vandervela ,18,20.7602005,73.19129944
593,V-2,7,24240508803,Utara Falia Varg Shala Vandervela ,93,20.74119949,73.20999908
594,V-2,8,24240508806,Naykiwad Prathmik Shala Vandervela ,18,20.74959946,73.22450256
595,V-2,9,24240508805,Dadri Falia Varg Shala Vandervela ,239,20.75799942,73.22450256
596,V-2,10,24240509404,Dungri Falia Varg Shala Zari ,70,20.76659966,73.23249817
597,V-2,11,24240509401,Abharun Falia Prathmik Shala Zari,27,20.77639961,73.22869873
598,V-2,12,24240508601,Vaghabari Mota Falia Prathmik Shala,36,20.76099968,73.24199677
599,V-2,13,24240508602,Prathmik Shala Vaghabari ,138,20.74869919,73.24389648
600,V-2,14,24240509201,Prathmik Shala Vanskui,147,20.7451992,73.2779007
601,V-2,15,24240507001,Prathmik Shala Rangpur ,143,20.73349953,73.28430176
602,V-2,16,24240507002,Dungri Falia Varg Shala Rangpur ,59,20.7310009,73.28170013
603,V-2,17,24240505204,Vachla Falia Varg Shala Limzar,46,20.74250031,73.29979706
604,V-2,18,24240505205,Bhagarpada Varg Shala Limzar,27,20.75419998,73.29109955
605,V-2,19,24240502102,Vallabh Varg Shala,38,20.75449944,73.29940033
606,V-2,20,24240502101,Prathmik Shala Dubal Falia ,148,20.76339912,73.30449677
607,V-2,21,24240505203,Dungerpada Varg Shala Limzar ,67,20.73719978,73.30609894
608,V-2,22,24240505202,Tanupad Varg Shala Limzar ,46,20.72879982,73.2928009
609,V-2,23,24240503301,Prathmik Shala Kansariya ,97,20.72859955,73.25679779
610,V-2,24,24240508001,Prathmik Shala Sukhabari ,134,20.7133007,73.26370239
611,V-2,25,24240508002,Hanuman Falia Varg Shala Sukhabari ,20,20.71220016,73.26439667
612,V-2,26,24240505201,Limzar Prathmik Shala,364,20.73329926,73.2940979
613,V-2,27,24240508402,Dungri Falia Varg Shala Upsal ,23,20.77289963,73.31150055
614,V-2,28,24240508401,Prathmik Shala Upsal ,93,20.78280067,73.32530212
615,V-2,29,24240508701,Prathmik Shala Vanarasi,270,20.76110077,73.32360077
616,V-3,1,24240506301,Prathmik Shala Navtad ,17,20.75379944,73.42520142
617,V-3,2,24240504102,Khambhla Upla Falia Varg Shala,404,20.74500084,73.44319916
618,V-3,3,24240504101,Prathmik Shala Khambhla,145,20.73819923,73.4559021
619,V-3,4,24240503501,Prathmik Shala Kapadvanj,38,20.74489975,73.43109894
620,V-3,5,24240501701,Dhakmal Prathmik Shala,246,20.74029922,73.4190979
621,V-3,6,24240500801,Prathmik Shala Bilmoda ,63,20.71999931,73.45059967
622,V-3,7,24240500201,Prathmik Shala Ambapani ,192,20.72660065,73.43579865
623,V-3,8,24240500202,Varg Shala Ambapani ,44,20.72220039,73.44010162
624,V-3,9,24240508903,Gahval Falia Varg Shala Vangan,58,20.7112999,73.41809845
625,V-3,10,24240506802,Prathmik Shala Raibor ,60,20.69140053,73.38710022
626,V-3,11,24240506801,Bandhar Falia Varg Shala Raibor ,23,20.70969963,73.40110016
627,V-3,12,24240508901,Vangan Prathmik Shala,240,20.69079971,73.40270233
628,V-3,13,24240508902,Khora Falia Varg Shala Vangan,190,20.69820023,73.42089844
629,V-3,14,24240505401,Prathmik Shala Mankuniya,221,20.67560005,73.38819885
630,V-3,15,24240505402,Mankuniya Khora Varg Shala ,95,20.66819954,73.40370178
631,V-3,16,24240505403,Mankuniya Bari Falia ,55,20.67280006,73.38880157
632,V-3,17,24240501602,Beda Falia Chorvani Varg Shala,37,20.6208992,73.38300323
633,V-3,18,24240501601,Prathmik Shala Chorvani ,199,20.63570023,73.37760162
634,V-3,19,24240506401,Prathmik Shala Nirpan ,176,20.62919998,73.39710236
635,V-3,20,24240509004,Vadli Falia Varg Shala Vansda ,40,20.75810051,73.3730011
636,V-3,21,24240509005,Vadbari Varg Shala Vansda ,46,20.73870087,73.37779999
637,V-3,22,24240504001,Prathmik Shala Khadakiya ,78,20.7322998,73.38420105
638,V-3,23,24240509501,Prathmik Shala Zuj,151,20.72270012,73.38130188
639,V-3,24,24240505502,Vadli Varg Shala Manpur,41,20.75040054,73.39250183
640,V-3,25,24240505501,Prathmik Shala Manpur ,207,20.73859978,73.39129639
641,V-4,1,24240507101,Rani Falia Prathmik Shala Sariya,128,20.77960014,73.3483963
642,V-4,2,24240507102,Sariya Varg Shala,65,20.77169991,73.35449982
643,V-4,3,24240507103,Gadagabari Prathmik Shala,145,20.76670074,73.34970093
644,V-4,4,24240502701,Prathmik Shala Jamaliya,252,20.75469971,73.34380341
645,V-4,5,24240501401,Prathmik Shala Chikatiya ,88,20.74270058,73.3207016
646,V-4,6,24240509001,Buniyadi Kumar Shala Vansda ,355,20.76239967,73.36109924
647,V-4,7,24240509008,Kanya Shala Vansda,360,20.76140022,73.3615036
648,V-4,8,24240507901,Prathmik Shala Sitapur ,100,20.75499916,73.40110016
649,V-4,9,24240505802,Nichla Falia Varg Shala Moti Bhamti ,69,20.78359985,73.36450195
650,V-4,10,24240505801,Prathmik Shala Moti Bhamti ,166,20.77739906,73.36630249
651,V-4,11,24240502601,Prathmik Shala Holipada,112,20.79080009,73.36859894
652,V-4,12,24240502401,Prathmik Shala Godhabari ,123,20.78949928,73.38909912
653,V-4,13,24240504703,Dungri Falia Varg Shala Kureliya ,10,20.82060051,73.35119629
654,V-4,14,24240504704,Chikar Falia Varg Shala Kureliya ,20,20.82830048,73.35440063
655,V-4,15,24240504702,Tad Falia Prathmik Shala Kureliya,71,20.80450058,73.36820221
656,V-4,16,24240501201,Prathmik Shala Charanwada ,143,20.76650047,73.38760376
657,V-4,17,24240508101,Prathmik Shala Tadpada ,54,20.75429916,73.45050049
658,V-4,18,24240505301,Prathmik Shala Mahuvas ,110,20.76790047,73.40789795
659,V-4,19,24240506302,Varg Shala Navtad ,95,20.7548008,73.43289948
660,V-4,20,24240500101,Ambabari Prathmik Shala,146,20.76059914,73.4335022
661,V-4,21,24240500102,Ambabari Varg Shala ,28,20.7602005,73.43370056
662,V-4,22,24240509601,Prathmik Shala Nani Vaghai ,52,20.76379967,73.48930359
663,V-4,23,24240509301,Vati Prathmik Shala,57,20.81410027,73.47879791
664,V-5,1,24240509003,Vadli Mukhya Shala Vansda ,259,20.75300026,73.36930084
665,V-5,2,24240502201,Prathmik Shala Gangpur ,132,20.72599983,73.32779694
666,V-5,3,24240505601,Prathmik Shala Mindhabari ,145,20.73089981,73.33170319
667,V-5,4,24240502202,Gangpur Upla Falia Varg Shala ,101,20.72170067,73.34380341
668,V-5,5,24240500903,Nichla Falia Boriach,55,20.7173996,73.3470993
669,V-5,6,24240401001,Boriach Prathmik Shala,189,20.87919998,73.05139923
670,V-5,7,24240500902,Tanka Falia Varg Shala Boriach ,63,20.70770073,73.35590363
671,V-5,8,24240504501,Prathmik Shala Khata Amba ,303,20.68689919,73.35209656
672,V-5,9,24240504502,Charmuli Varg Shala Khata amba ,140,20.67180061,73.3572998
673,V-5,10,24240504503,Babuniya Varg Shala Khata Amba ,72,20.66659927,73.33869934
674,V-5,11,24240504801,Prathmik Shala Lachkadi ,219,20.69260025,73.34799957
675,V-5,12,24240502301,Prathmik Shala Ghodmal ,250,20.66880035,73.31420135
676,V-5,13,24240502303,Dungerpada Varg Shala Ghodmal ,58,20.66320038,73.30410004
677,V-5,14,24240502302,Rajumber Varg Shala Ghodmal,104,20.66670036,73.30549622
678,V-5,15,24240502304,Kasarpada Varg Shala Ghodmal,52,20.66119957,73.30449677
679,V-5,16,24240503101,Prathmik Shala Kanadha ,396,20.65119934,73.31809998
680,V-5,17,24240500601,Prathmik Shala Bedmal ,197,20.62890053,73.30989838
681,V-5,18,24240505703,Tanka Falia Varg Shala Mola Amba,84,20.63050079,73.35449982
682,V-5,19,24240503104,Kandha Varg Shala Kelipani,84,20.62420082,73.33589935
683,V-5,20,24240501501,Patli Falia Varg Shala Chondha ,61,20.61910057,73.32610321
684,V-5,21,24240503103,Khora Falia Varg Shala Kanadha ,93,20.64599991,73.34089661
685,V-5,22,24240503102,Samarpada Prathmik Shala,95,20.64229965,73.31300354
686,V-5,23,24240506201,Prathmik Shala Nava Nagar ,184,20.72310066,73.36499786
687,V-5,24,24240509101,Prathmik Shala Vansiya Talav ,223,20.74090004,73.35980225
688,V-6,1,24240504601,Prathmik Shala Kukda ,82,20.80649948,73.37650299
689,V-6,2,24240504701,Prathmik Shala Kureliya ,162,20.81259918,73.35910034
690,V-6,3,24240500701,Prathmik Shala Bhinar,145,20.81649971,73.3321991
691,V-6,4,24240500706,Pati Falia Varg Shala Bhinar ,27,20.81710052,73.32949829
692,V-6,5,24240500703,Dungri Falia Varg Shala Bhinar ,52,20.8125,73.33529663
693,V-6,6,24240500705,Tankli Falia Varg Shala Bhinar ,45,20.81719971,73.32929993
694,V-6,7,24240500704,Desai Falia Varg Shala Bhinar ,42,20.81710052,73.32879639
695,V-6,8,24240506501,Prathmik Shala Palgabhan ,116,20.82749939,73.30509949
696,V-6,9,24240506503,Pelad Falia Varg Shala Palgabhan ,29,20.82250023,73.30539703
697,V-6,10,24240506502,Gamit Falia Varg Shala Palgabhan ,42,20.82990074,73.30809784
698,V-6,11,24240506504,Patel Falia Varg Shala Palgabhan ,43,20.82620049,73.30809784
699,V-6,12,24240501001,Prathmik Shala Chadhav ,61,20.83580017,73.33270264
700,V-6,13,24240501301,Charvi Prathmik Shala,110,20.84819984,73.33879852
701,V-6,14,24240508302,Gamit Falia Varg Shala Unai ,23,20.84939957,73.33999634
702,V-6,15,24240508303,Prathmik Shala Unai ,279,20.85059929,73.33550262
703,V-6,16,24240507705,Prathmik Shala Sindhai ,153,20.8708992,73.30960083
704,V-6,17,24240507702,Dutala Falia Varg Shala Sindhai,15,20.87800026,73.31340027
705,V-6,18,24240507701,Mota Falia Varg Shala Sindhai ,60,20.87010002,73.30870056
706,V-6,19,24240507704,Rajmala Varg Shala Sindhai ,18,20.85289955,73.30940247
707,V-6,20,24240507703,Lilvan Falia Varg Shala Sindhai ,35,20.86120033,73.31759644
708,V-6,21,24240504201,Prathmik Shala Khambhalia,161,20.85849953,73.34329987
709,V-6,22,24240500501,Prathmik Shala Bartad (Unai),177,20.83819962,73.35549927
710,V-6,23,24240503801,Prathmik Shala Kelkutch ,79,20.82789993,73.36560059
711,V-6,24,24240501801,Dharampuri Prathmik Shala,171,20.81380081,73.38140106
712,V-6,25,24240507501,Prathmik Shala Sara ,180,20.80739975,73.40920258
713,V-6,26,24240507502,Sara Bhil Falia Prathmik Shala,21,20.81010056,73.39279938
714,V-6,27,24240503901,Prathmik Shala Kevdi ,94,20.79159927,73.42870331
715,V-6,28,24240504401,Prathmik Shala Kharjai ,243,20.80699921,73.42939758
716,V-6,29,24240504402,Navi Vasahat Varg Shala Kharjai,40,20.80550003,73.4417038
717,V-6,30,24240502801,Prathmik Shala Kala Amba ,46,20.80369949,73.45749664
718,V-6,31,24240507401,Prathmik Shala Sadaddevi ,14,20.79360008,73.47229767
719,V-7,1,24240505701,Prathmik Shala Mola Amba ,193,20.61499977,73.35150146
720,V-7,2,24240508201,Prathmik Shala Umarkui,206,20.72979927,73.31569672
721,V-7,3,24240503601,Prathmik Shala Kavdej,145,20.70000076,73.30500031
722,V-7,4,24240508501,Prathmik Shala Vadichondha ,138,20.68729973,73.2940979
723,V-7,5,24240503701,Prathmik Shala Keliya ,167,20.6935997,73.27300262
724,V-7,6,24240506601,Prathmik Shala Pipalkhed,224,20.67569923,73.27690125
725,V-7,7,24240507202,Prathmik Shala Dunger Falia Ravaniya ,99,20.64979935,73.28440094
726,V-7,8,24240507201,Prathmik Shala Ravaniya ,186,20.64990044,73.27539825
727,V-7,9,24240500302,Vanzarwadi Prathmik Shala,46,20.6196003,73.26409912
728,V-7,10,24240500301,Anklach Prathmik Shala,296,20.61429977,73.27069855
729,V-7,11,24240502901,Prathmik Shala Kamalzari ,91,20.60519981,73.28959656
730,V-7,12,24240500303,Sattabari Varg Shala Anklach,51,20.59869957,73.26519775
731,V-7,13,24240502902,"Prathmik Shala Kamalzari, Nichla Falia ",35,20.59090042,73.28289795
732,V-7,14,24240507601,Satimal Prathmik Shala,238,20.57909966,73.26080322
733,V-7,15,24240504301,Prathmik Shala Khanpur ,260,20.60479927,73.24210358
734,V-7,16,24240500402,Jagiri Falia Varg Shala Bartad,230,20.60460091,73.2213974
735,V-7,17,24240500401,Prathmik Shala Bartad (Khanpur),200,20.61680031,73.2378006
736,V-7,18,24240500403,Ballabari Varg Shala Bartad,67,20.62739944,73.22480011
737,V-7,19,24240504901,Prathmik Shala Lakadbari,174,20.62549973,73.2539978
738,V-7,20,24240504902,Upla Falia Varg Shala Lakadbari ,55,20.62789917,73.25509644
739,V-7,21,24240501901,Prathmik Shala Dholumber ,191,20.75270081,73.26719666
740,V-7,22,24240505702,Nandiyamal Varg Shala,65,20.60580063,73.33740234
741,V-7,23,24240501502,Prathmik Shala Chondha ,385,20.59980011,73.30439758
742,V-7,24,24240500602,Mulgam Varg Shala Bedmal,44,20.62290001,73.2960968
